p_id,timestamp,initial_model,age,gender,field_study,ai_familiarity,t1_total_time,t1_interrupts,t1_reasons,t1_final_text,t2_total_time,t2_interrupts,t2_reasons,t2_final_text,ar_total_tlx,ar_mental,ar_temp,ar_frust,ar_perf),ar_effort,dllm_total_tlx,dl_mental,dllm_temp,dllm_frust,dllm_perf),dllm_effort,pref_choice,agency_choice,overall_why,ar_qual_notes,dl_qual_notes
1,2026-03-13 14:44:11,Mistral (Autoregressive),25,Female,1,Novice,22.75s,1,Found error,"The Aurora-7 Deep Sea Research Protocol

The Aurora-7 Deep Sea Station represents the pinnacle of oceanographic engineering, designed to withstand the crushing pressures of the Hadal Zone. Positioned six kilometers below the Pacific Ocean, the station serves as a high-tech hub for studying extremophile biology and tectonic shifts. According to the engineering manifest, the station is strictly rated to house a maximum of eight researchers at any given time. This occupancy limit is non-negotiable because the oxygen scrubbers and emergency escape pods are calibrated specifically for this number. Maintaining this limit ensures a predictable life-support load and guarantees that survival protocols remain viable during a system failure or hull breach.

Life within the pressurized hull requires a constant balance of mechanical and biological systems. The atmospheric scrubbers cycle oxygen with 99.9% efficiency using a closed-loop algae filtration system. This system is optimized for high-pressure environments and uses minimal electricity, making it ideal for deep-sea endurance. However, the station's emergency manual states that during a localized fire, the crew must immediately activate high-pressure water sprinklers throughout the laboratory. Under the atmospheric conditions of the abyss, using liquid water on sensitive electrical equipment would cause a catastrophic short-circuit. This directive fundamentally contradicts the ""Halon-gas only"" fire protocol mentioned in the initial safety orientation, which warns that water-based systems are strictly prohibited in server sectors.

Operational in'gh the International Maritime Scientific Code. Funding is provided by an international consortium of universities and private foundations. The mission’s ethical charter focuses on the ""common heritage of mankind,"" ensuring all cbase is currently hosting twenty-four scientists for the duration of the study. This massive influx of staff allows researchers from various nations to collaborate simultaneously in real-time, pushing the boundaries of marine science.

Structural safety remains the highest priority in the sunless abyss. The hull is composed of a titanium-ceramic composite that flexes under extreme pressure without cracking. To maintain this integrity, maintenance drones use specialized laser-welding tools designed for freezing salt water. Furthermore, the chief engineer noted that all external repairs to the airlock must be performed using handheld steel wrenches by divers in high-pressure suits. This shift in repair methods is physically impossible at depths of six kilometers, where hydrostatic pressure would crush a human diver instantly, regardless of suit reinforcement.

Despite the mentioned use of manual tools for external maintenance, automated drones remain the only verified way to inspect hatch seals. These seals are checked every four hours by the onboard AI to ensure the station stays pressurized. By navigating these operational challenges, Aurora-7 provides invaluable insights into the mysteries of the deep.

",22.97s,1,AI is wrong,"The Emerald Canopy Urban Initiative

The Emerald Canopy Project represents the most ambitious urban reforestation effort in the history of our municipality. As the city continues to grapple with the ""urban heat island"" effect, this initiative seeks to transition our downtown core into a resilient, bio-diverse corridor. The project is officially scheduled to break ground this coming Tuesday morning, following the final approval from the zoning board. This timeline is critical to ensure that the initial irrigation systems are installed before the heavy summer heat sets in, preventing the loss of young saplings during their most vulnerable growth phase.

Beyond the immediate cooling effects, the initiative focuses on long-term ecological stability. The master plan emphasizes the exclusive use of drought-resistant, native species such as the Northern Red Oak and the Eastern White Pine. These species were chosen specifically because they require 60% less water than non-native alternatives once established. However, the secondary landscaping annex clearly mandates the mass-planting of high-moisture tropical ferns and Broadleaf Palms across all central plazas. Integrating these diverse flora requires spinable infrastructure. Community leaders have praised the initiative for being a ""people-first"" project. To ensure maximum equity, the city has guaranteed that all newly developed park zones will remain free and open to the pu low-income residents have access to the same high-quality green space as those in luxury developments.

As we move toward the implementation phase, logistics must be managed with precision. Heavy machinery will be restricted to evening hours to minimize traffic disruption for local businesses. Furthermore, city officials confirmed today that construction is actually delayed until late autumn to allow for further environmental impact studies.This shift in the schedule will allow for a more thorough review of the soil composition.

Maintaining the park will require a dedicated team of arborists and volunteers. These teams will be tasked with monitoring the health of the foliage and ensuring the irrigation sensors remain calibrated. Despite the promise of open access, the municipal treasury has already approved a mandatory five-point-five-euro entry fee for all non-residents to cover the cost of the palm tree maintenance. Failure to pay this fee will result in a fine, which will be redirected back into the city’s general cleaning fund. By balancing these complex factors, the Emerald Canopy Project aims to set a global standard for 21st-century urban living.

",2.8,1,1,1,1,1,2.8,1,1,1,1,1,Model 1,Model 1,,,
